{
    "type": "pointLight",
    "ambientX": 0.05000000074505806,
    "ambientY": 0.05000000074505806,
    "ambientZ": 0.05000000074505806,
    "diffuseX": 0.4000000059604645,
    "diffuseY": 0.4000000059604645,
    "diffuseZ": 0.4000000059604645,
    "specularX": 0.3709999918937683,
    "specularY": 0.0860000029206276,
    "specularZ": 1.0,
    "positionX": 3.943000078201294,
    "positionY": 7.85699987411499,
    "positionZ": -0.5230000019073486,
    "constant": 1.0,
    "linear": 0.09000000357627869,
    "quadratic": 0.03200000151991844
}