{
    "type": "shadows",
    "posX": -0.890999972820282,
    "posY": 9.3149995803833,
    "posZ": 2.115999937057495,
    "idkX": 0.0,
    "idkY": 0.0,
    "idkZ": 0.0,
    "lookAtX": 0.0,
    "lookAtY": 1.0,
    "lookAtZ": 0.0,
    "nearPlane": 0.10000000149011612,
    "farPlane": 30.5,
    "orthoHorX": -31.232999801635743,
    "orthoHorY": 18.2189998626709,
    "orthoVerX": -10.0,
    "orthoVerY": 4.795000076293945,
    "SHADOW_WIDTH": 2048,
    "SHADOW_HEIGHT": 2048
}