{
    "type": "shadows",
    "posX": -5.0,
    "posY": 11.369999885559082,
    "posZ": 15.130000114440918,
    "idkX": 0.0,
    "idkY": 0.0,
    "idkZ": 0.0,
    "lookAtX": 0.0,
    "lookAtY": 1.0,
    "lookAtZ": 0.0,
    "nearPlane": 0.10000000149011612,
    "farPlane": 30.5,
    "orthoHorX": -10.0,
    "orthoHorY": 10.0,
    "orthoVerX": -10.0,
    "orthoVerY": 10.0,
    "SHADOW_WIDTH": 2048,
    "SHADOW_HEIGHT": 2048
}