{
    "type": "hitbox",
    "_type": 1,
    "object": 2,
    "minX": -0.45708298683166506,
    "minY": -0.002339000115171075,
    "minZ": -0.0045889997854828838,
    "maxX": 0.6623389720916748,
    "maxY": 0.74897301197052,
    "maxZ": 1.8346130847930909
}