{
    "type": "hitbox",
    "_type": 1,
    "object": 1,
    "minX": -1.4961119890213013,
    "minY": -1.0,
    "minZ": -1.0,
    "maxX": 1.544268012046814,
    "maxY": 11.809672355651856,
    "maxZ": 18.116579055786134
}