{
    "type": "hitbox",
    "_type": 1,
    "object": 1,
    "minX": -0.8259999752044678,
    "minY": 4.133999824523926,
    "minZ": -0.33000001311302187,
    "maxX": -0.019999999552965165,
    "maxY": 5.697999954223633,
    "maxZ": 0.6859999895095825,
    "offsetX": 0.0,
    "offsetY": -3.8550000190734865,
    "offsetZ": 0.0
}