{
    "type": "hitbox",
    "_type": 1,
    "object": 2,
    "minX": -1.18609000742435456,
    "minY": -0.0010000000474974514,
    "minZ": -1.0018680000212043524,
    "maxX": 1.2696549892425537,
    "maxY": 0.3049260079860687,
    "maxZ": 1.7469180226325989,
    "offsetX": 0.0,
    "offsetY": 0.0,
    "offsetZ": 0.0
}