{
    "type": "hitbox",
    "_type": 1,
    "object": 1,
    "minX": -0.30000001192092898,
    "minY": -0.30000001192092898,
    "minZ": -0.07699999958276749,
    "maxX": 0.07699999958276749,
    "maxY": 0.5230000019073486,
    "maxZ": 0.30000001192092898,
    "offsetX": 0.0,
    "offsetY": 0.33500000834465029,
    "offsetZ": 0.0
}