{
    "type": "object3D",
    "scaleX": 0.15000000596046449,
    "scaleY": 0.16099999845027924,
    "scaleZ": 0.18400000035762788,
    "rotationX": 0.0,
    "rotationY": 0.0,
    "rotationZ": 0.0,
    "positionX": -9.583000183105469,
    "positionY": 4.507883071899414,
    "positionZ": 3.697000026702881,
    "velocityX": 0.0,
    "velocityY": 0.0,
    "velocityZ": 0.0,
    "model": "../../res/models/Players/Mich3l/michel_final.obj"
}