{
    "type": "object3D",
    "scaleX": 1.0,
    "scaleY": 1.0,
    "scaleZ": 1.0,
    "rotationX": 0.0,
    "rotationY": 0.0,
    "rotationZ": 0.0,
    "positionX": -4.926000118255615,
    "positionY": -3849.595458984375,
    "positionZ": 10.05064582824707,
    "velocityX": 0.0,
    "velocityY": -196.3483428955078,
    "velocityZ": 0.0,
    "model": "../../res/models/Players/Cr4nk/crank.obj"
}