{
    "type": "object3D",
    "scaleX": 0.15000000596046449,
    "scaleY": 0.16099999845027924,
    "scaleZ": 0.18400000035762788,
    "rotationX": 0.0,
    "rotationY": 0.0,
    "rotationZ": 0.0,
    "positionX": -6.565856456756592,
    "positionY": 4.898882865905762,
    "positionZ": 4.702958583831787,
    "velocityX": 0.0,
    "velocityY": 0.0,
    "velocityZ": 0.0,
    "model": "../../res/models/Players/Mich3l/michel_final.obj"
}