{
    "type": "object3D",
    "scaleX": 0.5080000162124634,
    "scaleY": 0.4970000088214874,
    "scaleZ": 0.5199999809265137,
    "rotationX": 0.0,
    "rotationY": 0.0,
    "rotationZ": 0.0,
    "positionX": -7.340000152587891,
    "positionY": 5.595699310302734,
    "positionZ": 10.05064582824707,
    "velocityX": 0.0,
    "velocityY": 0.0,
    "velocityZ": 0.0,
    "model": "../../res/models/Ant/ant.obj"
}