{
    "type": "object3D",
    "scaleX": 1.0,
    "scaleY": 1.0,
    "scaleZ": 1.0,
    "rotationX": 0.0,
    "rotationY": 0.0,
    "rotationZ": 0.0,
    "positionX": -4.926000118255615,
    "positionY": -3560.767578125,
    "positionZ": 10.05064582824707,
    "velocityX": 0.0,
    "velocityY": -188.849365234375,
    "velocityZ": 0.0,
    "model": "../../res/models/Players/Cr4nk/crank.obj"
}