{
    "type": "object3D",
    "scaleX": 0.15000000596046449,
    "scaleY": 0.16099999845027924,
    "scaleZ": 0.18400000035762788,
    "rotationX": 0.0,
    "rotationY": 0.0,
    "rotationZ": 0.0,
    "positionX": -2.5139999389648439,
    "positionY": 10.777463912963868,
    "positionZ": 3.5190000534057619,
    "velocityX": 0.0,
    "velocityY": 0.0,
    "velocityZ": 0.0,
    "model": "../../res/models/Players/Mich3l/michel_final.obj"
}