{
    "playerGrabPosX": 0.5,
    "playerGrabPosY": 0.5,
    "playerGrabPosZ": 0.5,
    "playerJumpPosX": 0.0,
    "playerJumpPosY": 0.0,
    "playerJumpPosZ": 0.0,
    "cameraPositionX": -4.583000183105469,
    "cameraPositionY": 6.507883071899414,
    "cameraPositionZ": 4.697000026702881
}