{
    "type": "camera",
    "posX": -10.055999755859375,
    "posY": 9.496999740600586,
    "posZ": 11.732000350952149,
    "rotX": -58.323001861572269,
    "rotY": -24.134000778198243,
    "zoom": 64.03399658203125
}