{
    "type": "camera",
    "posX": -3.3519999980926515,
    "posY": 9.496999740600586,
    "posZ": 12.848999977111817,
    "rotX": -122.68099975585938,
    "rotY": -24.134000778198243,
    "zoom": 4.816999912261963
}