{
    "type": "camera",
    "posX": -8.937999725341797,
    "posY": 8.184000015258789,
    "posZ": 22.12299919128418,
    "rotX": -80.4469985961914,
    "rotY": -4.021999835968018,
    "zoom": 39.97200012207031
}