{
    "type": "camera",
    "posX": -3.9100000858306886,
    "posY": 10.61400032043457,
    "posZ": 17.319000244140626,
    "rotX": -76.42400360107422,
    "rotY": -20.11199951171875,
    "zoom": 45.5989990234375
}