{
    "type": "camera",
    "posX": -8.380000114440918,
    "posY": 10.61400032043457,
    "posZ": 17.319000244140626,
    "rotX": -76.42400360107422,
    "rotY": -20.11199951171875,
    "zoom": 45.5989990234375
}