{
    "type": "camera",
    "posX": -14.524999618530274,
    "posY": 9.496999740600586,
    "posZ": 9.496999740600586,
    "rotX": -36.20000076293945,
    "rotY": -24.134000778198243,
    "zoom": 46.15700149536133
}