{
    "type": "camera",
    "posX": -5.0279998779296879,
    "posY": 9.496999740600586,
    "posZ": 12.848999977111817,
    "rotX": -86.47899627685547,
    "rotY": -24.134000778198243,
    "zoom": 57.888999938964847
}