{
    "type": "camera",
    "posX": -17.87700080871582,
    "posY": 8.184000015258789,
    "posZ": 12.848999977111817,
    "rotX": -32.178001403808597,
    "rotY": -2.010999917984009,
    "zoom": 47.23500061035156
}