{
    "type": "camera",
    "posX": -5.586999893188477,
    "posY": 10.61400032043457,
    "posZ": 11.732000350952149,
    "rotX": -58.323001861572269,
    "rotY": -24.134000778198243,
    "zoom": 64.03399658203125
}