{"type":"dirLight","ambientX":0.028999999165534974,"ambientY":0.0860000029206276,"ambientZ":0.0560000017285347,"diffuseX":0.4000000059604645,"diffuseY":0.4000000059604645,"diffuseZ":0.4000000059604645,"specularX":0.5,"specularY":0.5,"specularZ":0.5,"directionX":-0.20000000298023225,"directionY":-0.0860000029206276,"directionZ":-0.30000001192092898}