{"type":"object3D","scaleX":0.10000000149011612,"scaleY":0.10000000149011612,"scaleZ":0.10000000149011612,"rotationX":0.0,"rotationY":0.0,"rotationZ":0.0,"positionX":3.9110000133514406,"positionY":4.357999801635742,"positionZ":10.390999794006348,"velocityX":0.0,"velocityY":0.0,"velocityZ":0.0,"model":"../../res/models/Players/Cr4nk/Cr4nk.obj"}