{"type":"object3D","scaleX":0.10000000149011612,"scaleY":0.10000000149011612,"scaleZ":0.10000000149011612,"rotationX":0.0,"rotationY":0.0,"rotationZ":0.0,"positionX":3.3519999980926515,"positionY":3.3519999980926515,"positionZ":10.055999755859375,"velocityX":0.0,"velocityY":0.0,"velocityZ":0.0,"model":"../../res/models/second_character/second character.obj"}