{"ambientX":0.05000000074505806,"ambientY":0.05000000074505806,"ambientZ":0.05000000074505806,"diffuseX":0.4000000059604645,"diffuseY":0.4000000059604645,"diffuseZ":0.4000000059604645,"specularX":0.5,"specularY":0.5,"specularZ":0.5,"positionX":-3.200000047683716,"positionY":-3.0,"positionZ":-3.299999952316284,"constant":1.0,"linear":0.09000000357627869,"quadratic":0.03200000151991844}