{"type":"spotLight","ambientX":0.05000000074505806,"ambientY":0.05000000074505806,"ambientZ":0.05000000074505806,"diffuseX":0.4000000059604645,"diffuseY":0.4000000059604645,"diffuseZ":0.4000000059604645,"specularX":0.5,"specularY":0.5,"specularZ":0.5,"positionX":0.0,"positionY":0.0,"positionZ":5.0,"constant":1.0,"linear":0.09000000357627869,"quadratic":0.03200000151991844,"directionX":0.0,"directionY":0.0,"directionZ":-1.0,"cutOff":0.9762960076332092,"outerCutOff":0.9659258127212524}