{"type":"object3D","scaleX":1.0,"scaleY":1.0,"scaleZ":1.0,"rotationX":0.0,"rotationY":0.0,"rotationZ":0.0,"positionX":-7.039000034332275,"positionY":2.010999917984009,"positionZ":27.820999145507814,"model":"../../res/models/Levels/1/1level.obj"}